Peak_G,Jerk,Firma_Acustica,Cambio_Angular,Label
0.8973658657909319,0.622630533598658,0.9733826191648212,0.4650095175264276,1
0.7090605194509164,0.8709691237460856,0.7140869321324278,0.8017280830697918,1
0.48587175918632564,0.25677656772050794,0.28487290196192283,0.3072899649262866,0
0.022425889162055124,0.3604268271414861,0.7837382510752364,0.5661806912250709,0
0.7610239909429989,0.6262203216314154,0.13124487768238757,0.032526179491251916,1
0.4197273169261223,0.6385259476640855,0.3975943979627943,0.27421520234867003,0
0.11833619092338732,0.40990488969628824,0.8398022856356172,0.383832951933044,0
0.4975398521461022,0.20468010905728395,0.5911303032585165,0.18613589775334793,0
0.5969106905466561,0.9995577032504386,0.7694488940820471,0.3978657030174272,1
0.6194903460096145,0.46349404380057235,0.3797857801792298,0.8633336495718252,1
0.7945782787001903,0.03467026672648332,0.5828068350834896,0.9954375161913099,1
0.011620539908100636,0.07244688779455888,0.3924935564066848,0.4799388347171235,0
0.5189177052828375,0.046965966775055046,0.1662833687560794,0.7380336164263704,0
0.9296976523425731,0.808120379564417,0.6334037565104235,0.8714605901877177,2
0.28377590579872447,0.3630822963986351,0.6459172413316012,0.5707783046689119,0
0.5567849109281879,0.8451208514960348,0.7959263871435024,0.17512314013035324,1
0.4988956645359419,0.012103116776107425,0.009038469079292177,0.3570293439700122,0
0.6182180633162611,0.10112267612279024,0.08410680611499743,0.70096913145912,1
0.9938483888996982,0.880314762148927,0.6234059581594401,0.5693773611822828,2
0.6195879548978296,0.6502010923981534,0.1520248531286481,0.06134962711066816,1
0.5174463517550413,0.4304274103209902,0.3169465877911193,0.43459596085871177,0
0.3216699896595486,0.848042089601484,0.7288614422699469,0.09539927731321063,0
0.8226143185136784,0.42373825364876283,0.6675498992914705,0.09553531383466818,1
0.7120140203307808,0.8259782127080818,0.10063747852353333,0.23987411275594472,1
0.3269316163380791,0.14888805033244468,0.3056042154902149,0.8766507618282006,0
0.49286458444744663,0.4042897472548691,0.5309376784120938,0.5951316749056815,0
0.35609672589784624,0.9865152487929797,0.6057748193568872,0.23722679173599448,0
0.9007018640112585,0.4217209268734554,0.2768277972350516,0.5923503285933622,1
0.07308156202701499,0.6223432646172461,0.9811778367622945,0.19010764978372763,0
0.18513292883861965,0.5419009473783581,0.8729458358764083,0.7322248864095612,0
0.13347997241594378,0.08060151375712465,0.7279393069737652,0.49646115235529975,0
0.967761465269562,0.43974048650790853,0.2783684816626566,0.7982931972091867,1
0.34609972653778553,0.9756102008599149,0.640972077345332,0.822480563634361,0
0.056585656146715624,0.3739210470128136,0.9444485826943034,0.6417343972985582,0
0.22381761482262308,0.5369744228934136,0.5929399348417032,0.5800862078378112,0
0.005522117123602399,0.8154614284548342,0.7068573438476171,0.7290071680409873,0
0.22925139523264149,0.7222525683930663,0.7200365365460744,0.6411476328852973,0
0.6181557343181191,0.702464970544104,0.5596486834869141,0.00977084741918366,1
0.8108785810079184,0.835825927910516,0.3321910331156046,0.6936180574737952,2
0.28161604210563174,0.9633603204460379,0.010284495935692028,0.7160499732421445,0
0.49381404045692867,0.38764880545564706,0.6327118787486009,0.7038570916343312,0
0.3855119047369223,0.3403871042545057,0.5414076073475852,0.1541450431784871,0
0.607089578718754,0.6313075530919887,0.5916971623063255,0.7026337730855163,1
0.9004180571633305,0.6331014572732679,0.3390297910487007,0.3492095746126609,1
0.5912754357449292,0.39900270387013026,0.05476163882203133,0.3351972416459009,0
0.8700988739009299,0.021269410850387138,0.8747016726841994,0.528937134027212,1
0.6619136326370115,0.7511771369540428,0.753868082709913,0.5778911126940883,1
0.22359583851945264,0.9632225394406113,0.012154474689816341,0.969878826707639,0
0.23879621138153928,0.4512393441809881,0.9849896561408751,0.7720124763099904,0
0.7820280876703859,0.7087446977429764,0.036160380524762115,0.3031283559453286,2
0.7375012481097484,0.45221794088980716,0.22460482293998196,0.4524395161326934,1
0.0180065556004545,0.962810357074026,0.7266709920703233,0.3047510953861333,0
0.015456616528867428,0.9283185625877254,0.42818414831731433,0.9666548190436696,0
0.7327334747861651,0.6067317247174364,0.6728716685980798,0.08114917853623915,1
0.7062461625552622,0.6226895409497974,0.9901088460868658,0.31187943576372523,1
0.5887315221313199,0.37532990791960186,0.2857835555258702,0.20322309108608727,0
0.40680480095172356,0.3282331056783394,0.453989911199699,0.7624469586748684,0
0.5941307153521351,0.3808908566310215,0.9699143978146032,0.8421189231357087,1
0.8000709686991595,0.20403563462889884,0.5550849493022862,0.7330712960296748,1
0.8078459419412586,0.7622851347766157,0.7978136488586345,0.435583314812933,2
0.011302536589022472,0.787371958149273,0.3064328227033716,0.0402580030092321,0
0.8670723185801037,0.9132405525564713,0.5113423988609378,0.5015162946871996,2
0.28869373677069987,0.35567271646494913,0.7190459051842455,0.297121715623175,0
0.6642193849889683,0.881690611843508,0.8141256855911618,0.6851343098744841,1
0.7945155444907487,0.7070864772666982,0.05022601146397376,0.07290183536790351,2
0.7608513309307817,0.18772240569225207,0.08838494698451871,0.6989488284873856,1
0.512093058299281,0.22649577519793795,0.6451727904094499,0.17436642900499144,1
0.7925948132091347,0.627328935090678,0.7502657639388423,0.1520485674244918,1
0.18114934953468032,0.6811178539649828,0.18143834769562694,0.5251633836670602,0
0.7325720972102503,0.21494037859075676,0.031183135061284672,0.2622640442998251,1
0.8258167505647627,0.1288698674734452,0.3351188542591419,0.7435082562916078,1
0.7764474464997246,0.6561618376810715,0.17742876946970687,0.5450269188969383,1
0.2752391810370083,0.7094388646339748,0.27149200254271133,0.9042432914075651,0
0.7055858626438246,0.6884050184921369,0.37455288702012135,0.16686020169875282,1
0.06725591396736785,0.09491793682166971,0.9988926120332906,0.32663924942591094,0
0.7644407280755043,0.40967105337599263,0.655173714524338,0.26023659798522936,1
0.17349605035502202,0.37975152291931746,0.8014457762229537,0.3920935769045727,0
0.7054608302834863,0.4276013337033373,0.4425455148147456,0.6493223245768817,1
0.4876670686212644,0.6522242595454725,0.9505310525862035,0.6006510665483559,0
0.28093450968738076,0.5426960831582485,0.14092422497476265,0.8021969807540397,0
0.9506071469375561,0.5734378881232861,0.6318372121697993,0.44844552197831977,1
0.8872127425763265,0.4722149251619493,0.1195942459383017,0.713244787222995,1
0.692532431537108,0.13443512940812186,0.29939558837168123,0.35871552541701346,1
0.8146710047099892,0.6118310201032214,0.37345794513270525,0.25533637376324414,1
0.7542482596820808,0.39319520102792227,0.5906378339946378,0.6610142542473203,1
0.9963343376272473,0.36830953050684834,0.44861063095454257,0.722070938202737,1
0.936154774160781,0.696029796674973,0.570061170089365,0.09717649377076854,1
0.759005282521931,0.10251596406647445,0.5138544642067677,0.5088905555910559,1
0.9565013982994801,0.737508359459007,0.35325140850206416,0.2965355812876552,2
0.4722818041629817,0.8801567379214851,0.21574067917645412,0.6778132003100442,0
0.9840131632104643,0.2884054378187457,0.961135485407593,0.38948189490242036,1
0.4663097561401701,0.07569972730978747,0.38782608991693124,0.8035376594626034,0
0.2037664591276891,0.5233296311947413,0.28713795808457554,0.7928544190338394,0
0.37201808579278317,0.7764129607419968,0.34080354025301784,0.9307573256035647,0
0.35466620498508283,0.5506633794408515,0.4032077561332522,0.8336440104751723,0
0.7140527233781268,0.0913914863317764,0.1992703364668008,0.8774700466544819,1
0.5122219208126745,0.6802277792083533,0.041672900602384266,0.08479201604580322,0
0.8985606046748393,0.7831984132986259,0.7803761235709804,0.4579957590035715,2
0.271949726128631,0.7593982624179637,0.44973984245054,0.7767105569551812,0
0.48864319040466575,0.7704074178077932,0.6832953766065052,0.44590270637674834,0
0.2963576135132884,0.9383157286513161,0.8187402294840508,0.983567206513663,0
0.4508393714041321,0.11323804584075525,0.9848411989623346,0.8388980864459341,0
0.9394989415641891,0.8948273504276488,0.5978999788110851,0.9218742350231168,2
0.723443662354912,0.5356565993475786,0.8361177032072488,0.8213883629006943,1
0.5677273179310546,0.5793144666619379,0.4896244620502448,0.6447452485768186,0
0.30096356694681625,0.7081720886452816,0.0673506014687717,0.5821704601762733,0
0.458431424131438,0.7250060762991187,0.574287575090211,0.667212337194181,0
0.350587558806597,0.5899176868546331,0.3922440450997323,0.43747492202372906,0
0.8925582274864745,0.4194479939573136,0.7803655030068817,0.4763357333010988,1
0.9411208125336735,0.8763194331423115,0.1025679625835898,0.3927307432714162,2
0.4622955610006072,0.4117655415845085,0.6509734671509542,0.5454318694069055,0
0.12748866233198242,0.39728729056036727,0.7972953657795536,0.14991742734877378,0
0.424130671302386,0.7364442356247228,0.9343670147690148,0.9255685129067763,0
0.3064634680428203,0.8223812111853543,0.05697872699736828,0.41860727491832994,0
0.432018927594506,0.9803687409421851,0.06750254668382194,0.518700994380595,0
0.23814665366569632,0.9084345518793753,0.4680690542342901,0.4662994129398188,0
0.7281887562036033,0.49549131620619846,0.688402396427736,0.4348273386037462,1
0.23371208191043302,0.5400119146045106,0.8800790875614583,0.6508773690471942,0
0.8226005606596583,0.3601906414112629,0.12706051265188478,0.5222432600548044,1
0.34316735317265823,0.729173487549448,0.6522916485919397,0.8456043629899068,0
0.11730818896239448,0.12518579220255044,0.6855652872289714,0.4303058948994627,0
0.3677859877561529,0.058091952080349785,0.1115122123212764,0.5158619027123281,0
0.3109823217156622,0.32518332202674705,0.7296061783380641,0.6375574713552131,0
0.827553052274047,0.17070836331248018,0.030463686308960125,0.20444837246427305,1
0.9758652558191313,0.33689579177110685,0.18211791568869928,0.7896985071424791,1
0.2972378077086172,0.2999191115069847,0.7431931987316034,0.04814283597835345,0
0.4497846488213225,0.19462251182076507,0.3677593508772896,0.41412975252892703,0
0.21050693966534295,0.8090236402916764,0.14692192358377076,0.34264514652252154,0
0.8469688542070605,0.8930902051954149,0.06245759361907144,0.8834647629860607,2
0.5903476904587729,0.50836054691628,0.2975484513188206,0.5650219928590161,0
0.3252951340230311,0.7126213330985128,0.816779466505636,0.18161396775660266,0
0.3995187845869348,0.32679470585777737,0.010811083635196339,0.8265510741914642,0
0.1647063534322959,0.33021506487149754,0.756751505688635,0.5193858595039373,0
0.05764758219902488,0.34244797883471334,0.27024769213078326,0.9664173858664074,0
0.6109809888509917,0.4110284698067047,0.8398613028667203,0.9000231233980112,1
0.6921613416941319,0.06229179813006269,0.5094221281497897,0.9966968538529768,1
0.1568127053168057,0.8273021497372459,0.04191521671625753,0.41918287590212133,0
0.6483180074520956,0.07410542257486707,0.3754689284665004,0.8038145451934468,1
0.00992382112783563,0.4640951594535039,0.9634992408875883,0.5190322801295487,0
0.4313017063410146,0.37904048538303503,0.9150607325172224,0.2511692675484013,0
0.8667703545060003,0.28247874397702666,0.9504591705752957,0.5816222929891935,1
0.6740199190587927,0.05183579911972902,0.5488586650773559,0.2876327290436782,1
0.5527070757185453,0.3965536819899632,0.13171502857909356,0.8652957589089124,0
0.38855810127034573,0.44869362262253065,0.23754413087432746,0.3732517916293401,0
0.580699084554285,0.5055087603898639,0.14407878601319957,0.6239984855289824,0
0.6277080530714179,0.3349056146570861,0.13927207266338726,0.794025189270296,1
0.9327284833540133,0.8660638895004084,0.04521867010618941,0.026366974497252005,2
0.9841103190364978,0.6679199988036271,0.6346712732539415,0.165954895295785,1
0.8785155613013479,0.404140321651033,0.3270331615632387,0.6675933855635847,1
0.7550419287462783,0.46053949727414,0.8419985528900615,0.7284906771616132,1
0.6005943333606173,0.5156794276964978,0.9193919732144173,0.49696348290583026,1
0.9082284887003229,0.7587153211639207,0.5971553059903019,0.6541327370278737,2
0.7159722288473975,0.6589239419101514,0.02709599250348349,0.22197216193294944,1
0.5597556836383826,0.5273996221226763,0.7193536223691586,0.8902580530178021,1
0.2310747965880714,0.6718927435987284,0.019710537754364155,0.10410858198457384,0
0.5296505783560065,0.24185229090045168,0.09310276780589921,0.8972157579533268,0
0.8505817290942419,0.8672942009598024,0.7083629767150348,0.837013328363672,2
0.7982951789667752,0.6499639307777652,0.7019668772577033,0.795792669436101,1
0.3046137691733707,0.09767211400638387,0.6842330265121569,0.4401524937396013,0
0.906437453344411,0.13924537111759516,0.5324206822752171,0.41109560260070654,1
0.8065611478614497,0.6587833667107174,0.6922765645178525,0.8491956515653193,1
0.44671452725852034,0.5015179603501664,0.2466586158054065,0.4709602524347335,0
0.804437207679505,0.278759872414553,0.21070496386720317,0.9574480190380962,1
0.03158614482564204,0.9362122462436898,0.05197128365147241,0.5412963353010705,0
0.5739498660690104,0.392895108893179,0.028652427577654516,0.5832523923125568,0
0.19579113478929644,0.06936130087516545,0.10077800137742665,0.018221825651549728,0
0.20162732004774453,0.1636559428657045,0.16426579793099294,0.8145747202313821,0
0.2594234334312925,0.3796924081672669,0.5902949425148077,0.26806364082287626,0
0.8371196278306522,0.6195262000363033,0.5633953507126401,0.6246140481145316,1
0.5853543643967521,0.8682712805132586,0.20584121003676825,0.11191961939772788,0
0.4187933190741614,0.26015779096205116,0.7308209649807298,0.9812970904972467,0
0.9555236959549347,0.01823258267636163,0.1957779856835461,0.00756287497814212,1
0.43685070261517955,0.7295082286523967,0.7655128989911097,0.15890816766935356,0
0.1674910890941077,0.14727556355209093,0.9730767979122983,0.7592925069184736,0
0.8036720768991145,0.18657005888603584,0.8925589984899778,0.5393422419156507,1
0.4440437492022029,0.6262343214210638,0.4888978317924514,0.40177880065432425,0
0.11383839347660141,0.3452231428016921,0.5074119387178089,0.8742225246851758,0
0.578280140996174,0.035942273796742086,0.46559801813246016,0.5426446347075766,0
0.42142455059249795,0.8926717110769748,0.8174435617384409,0.34181735169787597,0
0.16002493646319405,0.023352096328185912,0.7562136139501768,0.4585230088818907,0
0.3721670238375133,0.432076882944196,0.4394049896944522,0.6129395824945255,0
0.624148907849134,0.4094116521912404,0.5520471808519802,0.4361265291353167,1
0.8082352100092222,0.9476880259644708,0.0723164752579386,0.9551152072917014,2
0.5542265141320166,0.005229613542912737,0.7609907600280938,0.03531135494023907,1
0.9207396503426354,0.04005911905069448,0.2914609134937939,0.20754093620570346,1
0.8473879305713737,0.06239406859827723,0.3352790500782957,0.06701653775120997,1
0.742706521199981,0.42549333444807536,0.3459349925469629,0.3710387629846027,1
0.6227534032398411,0.22267607912308496,0.3072164170212709,0.5464585417281244,1
0.8629968313588721,0.8860934353132082,0.1966535849529587,0.7374260857706773,2
0.023638586046336396,0.641971500443266,0.6070940360887808,0.54669741271407,0
0.06536615756438524,0.4875711936733843,0.03361360018328263,0.06265320345535452,0
0.26899340443509767,0.7975591006371882,0.31036195892357377,0.4552201490818012,0
0.9994137257706666,0.04821203886055603,0.9771741842213173,0.4069079607228706,1
0.29314773026101326,0.8963358185211198,0.013001923510736035,0.08550853085446808,0
0.10587431821312931,0.35489768348655404,0.4131725172077195,0.6758229251040736,0
0.9150900684070432,0.53302886724614,0.157954822835348,0.6958991181688025,1
0.9903323037936483,0.025769598764351143,0.603528806501121,0.6595059816513271,1
0.7161506742231936,0.27262400073353377,0.4135491015253515,0.12188609333694755,1
0.31910047324325563,0.8289154741506773,0.03700763471549262,0.596269878482053,0
0.31277798921035405,0.6543420054927197,0.23201818030881072,0.014381446072085025,0
0.14224936868719618,0.1213849394224289,0.30327514756759555,0.10104581101064669,0
0.6847311725538793,0.1626169393448913,0.9109271844938425,0.822537242923169,1
0.5836561118508721,0.07773463696498484,0.9743948076661665,0.9862107444796029,1
0.09148683739775487,0.8774608626303804,0.26560004258870606,0.12951492128280417,0
0.4242220092469763,0.906354385094736,0.11119748230615134,0.49262510429085915,0
0.26520236768172545,0.24398964337908358,0.9730105547524456,0.3930977246667604,0
0.9053819764192637,0.09128667678613356,0.31931363759041487,0.9500619670508049,1
0.8442123252861431,0.4840205725094041,0.5140954425512597,0.308468281489484,1
0.9317537194328164,0.39701504123719167,0.08709276679577149,0.6170665161178013,1
0.6118528947223795,0.13949386065204183,0.29214464853521815,0.3663618432936917,1
0.03367640387446402,0.8791857726012476,0.24339668321853047,0.557337169573008,0
0.259670838950414,0.969723632797977,0.43123386979155787,0.3475187953137546,0
0.47128716739816456,0.9791049380151545,0.6341421382957368,0.12626474156450274,0
0.5329577865513353,0.3243337531153756,0.33300191305819793,0.6694869551981901,0
0.8556960938375394,0.5214456890435895,0.06364090928664234,0.8313735143857098,1
0.38019561878585706,0.3988227808969005,0.5801723692273323,0.5336025467268785,0
0.043412532854819164,0.6331513755940223,0.951403342206657,0.6016118201463312,0
0.6056378893234114,0.11720390568023342,0.33720657556575206,0.14284196481433187,1
0.1594922625413583,0.16046261427122643,0.07049194564314465,0.18564670490124302,0
0.062273105881885615,0.5125026487703317,0.8064036172328395,0.45923987759695806,0
0.6334008543167258,0.24014561877819307,0.07586332810866392,0.12887972191064923,1
0.3508191093350156,0.36255979655909454,0.8057145256682179,0.328179482797612,0
0.18463245734736922,0.34210762086359403,0.4299576197798217,0.8309491710550684,0
0.5894539894846972,0.6132916848873791,0.6376882468959355,0.2420220799808772,1
0.3042422429595377,0.5247564316322378,0.43194501864211576,0.2912291401980419,0
0.9430758377447076,0.24069271183250496,0.12150137630091806,0.19747048985993731,1
0.7752440518349493,0.2344256000115147,0.34508374551323373,0.03010387221131894,1
0.7365352283347926,0.8829938248297731,0.20263263413534316,0.5875858711094019,1
0.4196000624277899,0.24773098950115746,0.3559726786512616,0.7578461104643691,0
0.00013469300448532007,0.5111291392372298,0.046851908527603126,0.27616955782089947,0
0.9846697395245082,0.9373880664971189,0.04317373579701167,0.16481481572943713,2
0.2848404943774676,0.036886947354532795,0.6095643339798968,0.5026790232288615,0
0.6077521222527226,0.2953014775718328,0.1366009036511726,0.6516397604772766,1
0.8920465551771133,0.6311386259972629,0.7948113035416484,0.5026370931051921,1
0.10178247262040374,0.15285913918433203,0.24595772838450813,0.16068137325955567,0
0.7694929331919369,0.18704374855752337,0.3236792364042437,0.4254364386164168,1
0.6675577385210272,0.17231987120162984,0.19228901880867078,0.04086861626647886,1
0.9941393612211675,0.6618391898493786,0.5577834173700249,0.7306505102392461,1
0.786205652261058,0.7344439320755914,0.3843550385241349,0.02519341395922936,2
0.16121881197512256,0.6564096035006569,0.9711509073682858,0.5621888110645251,0
0.9866301229588469,0.9651186964360455,0.004939980934409616,0.951811785423239,2
0.11850262359815156,0.28888493890916567,0.3978366255021569,0.9195310246560497,0
0.7040797680992236,0.21296416150891073,0.13637147558676976,0.014544665667881929,1
0.7072386343133986,0.15253904291426135,0.5762883601668132,0.6067150463828559,1
0.2576828885112137,0.4626229567393163,0.8682725054083805,0.727169069766308,0
0.3342438908169608,0.7709122037458219,0.1065982531337718,0.07513778173580876,0
0.9467562446922407,0.400212275849672,0.7832979829560477,0.2659284506321188,1
0.6114636112256608,0.6784999682926378,0.31754970025758844,0.8481092350156301,1
0.11752624677710488,0.6492103021160636,0.7460448792654233,0.5833687650971596,0
0.620660479824584,0.20131210782243325,0.3951377432643186,0.03945953289089932,1
0.5315721526867312,0.032659060784495875,0.4755961918220083,0.4077481050027323,0
0.6775316138836847,0.3731226184223836,0.9416919866580306,0.167357032236781,1
0.6011150117432088,0.7080725777960455,0.020584494295802447,0.9699098521619943,1
0.17925325573928075,0.6939495905101568,0.22959816075396866,0.11755130015021997,0
0.24149648525686784,0.04035082685969971,0.411191517994586,0.13008066982894695,0
0.34208174871590746,0.8212573046720129,0.11063173695520723,0.8464522917345182,0
0.43766132814820347,0.23497340499595276,0.7048710100433817,0.8171281420155851,0
0.636401370183407,0.051135381442100725,0.25760722033372185,0.059524700347771686,1
0.15369104284420454,0.5726072328820224,0.2770125243259788,0.9213075122129755,0
0.9636199770892528,0.8530094554673601,0.2944488920695857,0.38509772860192526,2
0.728370854339646,0.345806098410425,0.671093157085976,0.8054300430459791,1
0.1657481769652207,0.8908555349831467,0.24153684170168177,0.35427132721721566,0
0.3433867021776442,0.8345717902556277,0.9354845135274957,0.18573307200518563,0
0.8170720709492799,0.25790282704493983,0.17088758739006582,0.668643219924431,1
0.1607598960483082,0.8179670241190622,0.8321341779577419,0.5074677337608362,0
0.17968310887024197,0.23754332492387764,0.9713950940416396,0.18097695270948977,0
0.9390684794502916,0.6363742815333744,0.3245118001753421,0.26951186229227264,1
0.770158211757096,0.8071555373648825,0.12020722912057624,0.2655828329586061,2
0.9447320222914103,0.4674015112498697,0.6134113892107077,0.16703394609207523,1
0.05034952696935324,0.05276525785960262,0.6920112559466547,0.4579289944340279,0
0.5264026609361132,0.7315895217553319,0.08162998203058958,0.0603520839905638,0
0.4287020209864336,0.029169763645264468,0.480890146603009,0.6624340117010681,0
0.16893506307216455,0.2785903390319586,0.17701048427674682,0.08870253375705561,0
0.507610378684455,0.24240973241508024,0.11483682473920354,0.6106200424416326,0
0.43088752366180594,0.2487142725876299,0.61714498660403,0.7067772168854458,0
0.39761237855287057,0.2642762631586393,0.2053329387067998,0.48303969755889,0
0.5511599619163721,0.4381786132483445,0.8391803949802986,0.16067958471184518,1
0.17936468201221045,0.9706765454097441,0.1133035047274642,0.40360100236159124,0
0.5606600944161709,0.6034876665964548,0.6764679372263622,0.8049889996807698,1
0.44044135031242404,0.30233324935149375,0.25933489731709447,0.19462383670487193,0
0.9173135754622428,0.1368186309189614,0.9502373538208024,0.44600577295795574,1
0.0585509292439792,0.3342383186960608,0.7848969771114676,0.7076809347409158,0
0.9811179078679357,0.6495089297074473,0.8044140596774734,0.7151001612837,1
0.7404761319535191,0.1428502873008386,0.7534279222569691,0.768922782107641,1
0.40710648912562764,0.06600984414024158,0.3488205339694793,0.11099809879131484,0
0.672702994208898,0.7966813971913723,0.250467898792499,0.6248740996069989,1
0.12292067846538757,0.8886590802653986,0.5030839507798364,0.44934974203964206,0
0.13252467274184843,0.8620144822726226,0.9227571905133943,0.4870619188189359,0
0.02007119777772637,0.3220791655831783,0.21144800699654465,0.32749735217791465,0
0.46267978566960644,0.3013778741641421,0.7476093801762511,0.5027203900924792,0
0.265046428325004,0.020944961030912812,0.08217166747642735,0.9678600348450305,0
0.2773811829811327,0.1881211597237613,0.46369840493998216,0.3533522280260528,0
0.7457337827312321,0.2024805601652374,0.9580734801193802,0.3679407513020845,1
0.88912792394001,0.5788067545119405,0.6323913243283874,0.15647671600360058,1
0.9446142194740232,0.6832480282896458,0.4971747640084273,0.6178472402012138,1
0.1753712786234496,0.9144119459249598,0.4187705248920731,0.38313852824949746,0
0.25464065476376385,0.6815027222239293,0.7602278598896866,0.5956387406078443,0
0.8209810172991409,0.566605258905463,0.6570304982341073,0.8983864665840349,1
0.0088632851134689,0.9978208556819782,0.6768212988573956,0.8284692994491171,0
0.9633944342135504,0.5601681834618419,0.9368224620330918,0.05225787928602377,1
0.16352387258502277,0.3910815366517607,0.9694123223352875,0.25813343270112754,0
0.15004866469398426,0.32467592689006,0.7373570773877997,0.47601812936876653,0
0.47690010646797,0.718331175372004,0.24734031581908333,0.6406151835488874,0
0.26532613755546697,0.6015538792998241,0.2965599122059307,0.7144241640712422,0
0.31886681832113883,0.5821987465941139,0.3711724234376276,0.601074166800233,0
0.3746126146264712,0.6258599157142364,0.5031362585800877,0.8564898411883223,0
0.07276300636419353,0.8218600592903562,0.7062422271564962,0.08134878064189976,0
0.29544477747742026,0.7692231478381336,0.6246635688542638,0.3819396396528959,0
0.025811906949486985,0.13516628915482276,0.9631151115891738,0.549529535895017,0
0.5664046402968972,0.47605040219909966,0.6636711653626481,0.936829739324758,1
0.926194068431782,0.22867677960360877,0.6343636888716871,0.22207587069332058,1
0.8221798868164233,0.8503480011198954,0.21199405469865806,0.6573534821701286,2
0.9660475051286772,0.761037790250783,0.950772707731338,0.702540501534807,2
0.8554605840110072,0.7036578593800237,0.4741738290873252,0.09783416065100148,2
0.26311256991084286,0.3601364074715191,0.08764274676383854,0.9369578230310628,0
0.3980052929545028,0.3029157288331926,0.06569485895436578,0.2282353634936991,0
0.004363269650309087,0.16695308874719872,0.7130460506343187,0.6663854135782065,0
0.9877855202148873,0.13643975255673313,0.6951445540475938,0.4043187681042921,1
0.3024195112785364,0.5634083644838541,0.8038048904834751,0.13714848815274316,0
0.8707534503372591,0.7823854840582735,0.5670162609866678,0.7384492092513265,2
0.27927608845441043,0.6428819100587077,0.694150573509831,0.5126547531450529,0
0.42819961492561476,0.7175977656581762,0.6924361513243696,0.9912559937021883,0
0.35920874698269034,0.823552226611819,0.8206961607667793,0.4773503981224013,0
0.9390676985128962,0.7987832357736654,0.9979341105333375,0.35071181545171015,2
0.9911686261369765,0.2316717013834434,0.9427317741351257,0.6496466489923685,1
0.6127958355365104,0.9384821582141546,0.6617777324716385,0.07680304831442153,1
0.04818601239329623,0.36005046590097833,0.9567998154842862,0.5004011457102012,0
0.2697496115169896,0.05708685608931485,0.531169528001032,0.9366056922949615,0
0.08091928305125218,0.40298017876516146,0.17352451498650867,0.6949510889024617,0
0.03353243473577938,0.5698896848713165,0.7624586857406905,0.8767656367617495,0
0.647474714154603,0.8980305489499869,0.24348229657629927,0.9270345447963066,1
0.5214596387214719,0.9773079079915037,0.7573102071344389,0.1616714362369619,1
0.6125734683448192,0.873698593466345,0.7239730554660938,0.12055841640369025,1
0.2685337560676073,0.2874616648972501,0.6567560634745571,0.9685373316998922,0
0.9629920038589946,0.3418721660386861,0.6326218931339481,0.9320281055100175,1
0.9768003285106593,0.11072059332631567,0.4225484283119446,0.04202467517140529,1
0.5149333499132595,0.1613628010553837,0.08355433751068975,0.01912896643728701,0
0.160071634954573,0.4615574744197899,0.009331619827093296,0.24667886452162302,0
0.7090462617224327,0.10687692309474384,0.5673122196289035,0.25656278370136376,1
0.9540510272587224,0.60617463445088,0.22864280550346272,0.6717006844058567,1
0.5989785081772105,0.11493299705956683,0.0938572848233562,0.9096268194365924,0
0.4831808633136685,0.8382304210818006,0.36140377906718635,0.8597946748116456,0
0.8433261677878832,0.48509465997954015,0.33362839583686565,0.79155820259137,1
0.6000205481193037,0.29166257870930323,0.6949818861265425,0.8601223971892046,1
0.7147532764439458,0.06845045256601678,0.41766699581699473,0.11635848516449587,1
0.8036035354415352,0.5052067735766382,0.9671266152591704,0.4177609792750997,1
0.014393488629755868,0.11607264050691624,0.04600264202175275,0.040728802318970136,0
0.8631034258755935,0.6232981268275579,0.3308980248526492,0.06355835028602363,1
0.6062529377509774,0.7648098009029954,0.17483862726041255,0.5025660764634424,1
0.0366832028905979,0.25243694434402075,0.7133495858845524,0.8952068376871993,0
0.3410663510502585,0.11347352124058907,0.9246936182785628,0.877339353380981,0
0.5021950103312426,0.5953850173200438,0.06707647738842748,0.7499604703991778,0
0.19516651721865041,0.4893925374065887,0.7416414518360422,0.4925690707532976,0
0.22048620907017535,0.18643826214425452,0.7795844735667533,0.3501252591667301,0
0.6974202672468399,0.29734900737255077,0.9243961953765304,0.9710582451653678,1
0.6200727559285135,0.5334610919763215,0.8938925830509576,0.7885972112245307,1
0.43861541918959046,0.7252576604151365,0.48666894142470285,0.8734232380816606,0
0.8705269662693842,0.6314189212183764,0.5325040664159818,0.11539464217891737,1
0.11816482762165625,0.6967371653641506,0.628942846779884,0.877472013527053,0
0.18610141784627732,0.8026433097957104,0.45818688673789265,0.4829688720853552,0
0.7387231507265664,0.013745554011345251,0.2483762603698002,0.21440648299316456,1
0.42521350446923345,0.022469308320117398,0.2686773593849461,0.5416342146608669,0
0.5003594462155606,0.6908839765508228,0.6971358058918092,0.6486389567688156,1
0.5868411180208791,0.74543947418433,0.4316595462296794,0.12758030279556376,0
0.7605756424552823,0.1544922040049258,0.4872653541000508,0.4299852141210597,1
0.5695397795671037,0.25954178317609033,0.43699588566562086,0.593560935378786,0
0.8389973277180107,0.011417983454073632,0.703699779629051,0.970257109726057,1
0.6920736470243689,0.2062521138361526,0.391859373188026,0.8956747776187787,1
0.43052933846220753,0.14259414408190874,0.8900970351838083,0.3458774607378574,0
0.9921580148233127,0.8514249577450957,0.2085105143573358,0.9305952146439163,2
0.7711228158518866,0.6546506868659545,0.15159507480009937,0.875883083517057,1
0.5744731131799119,0.8418287767582721,0.1397723766262895,0.7952673118598902,0
0.8034827432968846,0.9292280536318539,0.4051026945275664,0.9061110021324971,2
0.7915790437258485,0.7896181427945539,0.09120610304869037,0.49442030470258147,2
0.5772790292331312,0.8655771456245522,0.9807393435834294,0.40758420857381694,1
0.9440593396866133,0.0394268113685059,0.7055751725156885,0.9252483174156658,1
0.37454824337958126,0.797732263348214,0.36739072869707046,0.08701721830278875,0
0.29221823046189777,0.9107701616439152,0.7539619035967839,0.8049067768414386,0
0.7264617151130048,0.9918099513493635,0.0991780995872159,0.40149431586128825,1
0.5858647884535192,0.6247838627894025,0.07177580622651303,0.6826172212234024,0
0.8409087104029072,0.22123869644606398,0.3809912736683999,0.8084057388936909,1
0.5771998867345508,0.04373907230894736,0.12300329512374564,0.5586423964504253,0
0.285758324592706,0.43276687959926263,0.6854438832219015,0.332456157148712,0
0.7399041207669304,0.9180765521991506,0.28003732955048943,0.8583416767991209,1
0.26170568373590597,0.24697879907199982,0.9062545805210367,0.2495461998495061,0
0.4483190553694222,0.5104324890042322,0.6265925110932102,0.9263826067300868,0
0.9064721109645469,0.6242379959139921,0.11689804070836407,0.9398321236134751,1
0.6981617140197451,0.5360963663441204,0.30952761628632774,0.8137950197069487,1
0.7184539473225501,0.862640471149179,0.17925561190779005,0.8000034817636814,1
0.37588828514576933,0.3944762785700353,0.45944676840598664,0.7850165438370569,0
0.6924928266692253,0.42993107739014813,0.6729666223944324,0.2753811742554185,1
0.10312386883593261,0.9025529066795667,0.5052523724478571,0.8264574661077416,0
0.07455064367977082,0.9868869366005173,0.7722447692966574,0.1987156815341724,0
0.2736266662816659,0.9971245001577111,0.42618130223597295,0.4513870243296755,0
0.018390676547466733,0.914298806560499,0.11775108289014113,0.5765164755142536,0
0.1419719897609939,0.3479414115821666,0.45035097890541265,0.7488263369633065,0
0.760289823122135,0.13710970572899905,0.5353101314525917,0.2152018720172375,1
0.29461939634619316,0.014315277667059978,0.73786951856153,0.8341445970006758,0
0.3656807482613713,0.22538126800676583,0.19583308413427003,0.14080294889267608,0
0.7011395944174736,0.6801118854469727,0.4081516908666981,0.015394891691308477,1
0.9966368370739054,0.5554317056026274,0.7689874151805105,0.944765729882428,1
0.033203108791366565,0.07857849715502074,0.39692327620159606,0.13271575404306035,0
0.8881181889340358,0.3252906183617478,0.9009608956904679,0.9961576734987788,1
0.14730304427897034,0.007841590771916818,0.6309217902291634,0.4476734254104183,0
0.9414648087765252,0.38610263780077425,0.9611905638239142,0.9053506419560637,1
0.06665204056068996,0.5184080219452041,0.15016900081704165,0.7374337687214856,0
0.12600202786399428,0.19641921587201738,0.951444825663092,0.17549162738135737,0
0.9624472949421112,0.25178229582536416,0.49724850589238545,0.30087830981676966,1
0.25871164215544096,0.4344033190066098,0.723447817850001,0.009054161580370979,0
0.07845581631712395,0.5444969591038651,0.7093208284726096,0.16732130400106038,0
0.4942124472502999,0.8282492524372184,0.33520804737087273,0.1737615931357438,0
0.5718722712271865,0.5877693608621982,0.18447625313363936,0.3622354416522884,0
0.37250893155346587,0.9286305621153941,0.06180846068922263,0.09236052811137851,0
0.11636639788547609,0.8174497084911916,0.3806232934765801,0.8779743204450695,0
0.3698132559871766,0.0523550201874724,0.7675676285179183,0.416504431903879,0
0.29446575954191767,0.9484533069621567,0.7636057941597608,0.14011317576645255,0
0.5537114853580112,0.541704812410004,0.76190181260487,0.8336499619375856,1
0.8237903842212947,0.9550605114849889,0.8211982825502265,0.0015651051914729042,2
0.03934354066850965,0.1221099140100268,0.4521990282834353,0.9338750175279049,0
0.2056872621955551,0.12138641815940643,0.6150129680388666,0.774633780637788,0
0.5326172664550232,0.24247050363472966,0.26924323094938096,0.37728416310462265,0
0.6420316461542878,0.08413996499504883,0.16162871409461377,0.8985541885270792,1
0.6439042535411307,0.5303021332491583,0.041951223431636264,0.9684887775943838,1
0.8617856210135173,0.9461154621336327,0.37330931627975295,0.27074467314355377,2
0.8306194077877291,0.9650269106665126,0.12429722348554473,0.7308674752036443,2
0.9383404568210378,0.18123306616566015,0.0664962673667775,0.741120649290059,1
0.6880455570741288,0.12038757878908901,0.9385297834731304,0.1811832790500828,1
0.2579416277151556,0.659984046034179,0.8172222002012158,0.5552008115994623,0
0.519081785136218,0.47918187762973097,0.025642065806435688,0.34124782762615635,0
0.5373956029379229,0.9198556164127605,0.34634599436596125,0.3469532018962277,0
0.2587799816000169,0.662522284353982,0.31171107608941095,0.5200680211778108,0
0.9041586944937484,0.34825546702330035,0.5139894891598108,0.7836530127411431,1
0.24535231416621106,0.05773215922511721,0.39103286912739865,0.23420337092633414,0
0.5270414639116516,0.4260833838903715,0.13071037674019947,0.8866042152404667,0
0.5769038846263591,0.4925176938188639,0.1952429877980445,0.7224521152615053,0
0.8684679758979128,0.48743119824951364,0.8945522268940914,0.7998552559473152,1
0.2708063280369726,0.2475597702798864,0.06252629574284574,0.45894051659682034,0
0.4334722327556344,0.9971823539029504,0.5590592849466022,0.3211621526359535,0
0.5982252940637388,0.7356631142391898,0.9983475113929496,0.9331133313435577,1
0.7143266357349976,0.4617161438131191,0.9209945210965759,0.6945954272532854,1
0.03654966784809488,0.47206694510999925,0.5648411332626164,0.06570863942835237,0
0.7962414505413685,0.27194603941844875,0.6923589224610581,0.2640619846937188,1
0.0926254830513672,0.7483843496762314,0.9145486638485589,0.43402097270875883,0
0.6692002629380784,0.8292867993167555,0.8789789002822673,0.5717723520483222,1
0.400763060875326,0.5596403313082179,0.1552402459307125,0.18192813049527112,0
0.30419871963628087,0.30394251225502733,0.2304166621173499,0.001473822086311416,0
0.0884925020519195,0.1959828624191452,0.045227288910538066,0.32533033076326434,0
0.35462215764077654,0.28723899165408173,0.2963081204559901,0.23360775104990994,0
0.4888465802569202,0.6668642575461043,0.1396512547563129,0.029973589872677953,0
0.28249606597285226,0.3530503916003024,0.8940943025332507,0.9464565131504055,0
0.5024272871663764,0.7314863597031158,0.9581180089194338,0.22044600424541894,1
0.14707348092903794,0.9265876251614944,0.4921162930795382,0.25824438829895835,0
0.6318135270166684,0.2598035810641598,0.6340057030996114,0.5399853797158555,1
0.22793516254194168,0.4271077886262563,0.8180147659224931,0.8607305832563434,0
0.742881493667939,0.7379173933540254,0.5214490241668801,0.06845871933357806,1
0.11203890216805235,0.39785559904574164,0.9694704332753689,0.8655071258939803,0
0.8496473906774115,0.24734810174319766,0.4505441353100935,0.12915941515149498,1
0.005061583846218687,0.16080805141749865,0.5487337893665861,0.6918951976926933,0
0.618254771530296,0.3689136395697724,0.4625347161331479,0.7474709381337565,1
0.6224136415659967,0.7813218557473051,0.5782983994203607,0.14696270958820967,1
0.505852692951829,0.8407030280112,0.7328015447662506,0.5422372054918483,1
0.9609201469288247,0.5359350788521182,0.48849563265990537,0.4018871998907301,1
0.8302198645669916,0.3971835296184548,0.6680851365706462,0.20498429541582097,1
0.5399571302805596,0.8420332943764213,0.5209579772720422,0.6235856880027597,0
0.5034172708548569,0.6903948286293653,0.039312139841098936,0.7994103989090426,0
0.9629268752375798,0.4835456467199247,0.8059925497751581,0.5502265421562618,1
0.11976213181925122,0.890527280739895,0.5935924535540487,0.6791023191444896,0
0.9471614629002478,0.8848551176960043,0.7390669759393725,0.27746467972495403,2
0.7385974581323307,0.31562734376335,0.6448326040223138,0.39513090761150327,1
0.9880359661555919,0.45400162119611487,0.688274235780237,0.14055296757836078,1
0.3677831327192532,0.6323058305935795,0.6335297107608947,0.5357746840747585,0
0.140324518193515,0.6711574733796887,0.6204737850519706,0.7422531871990872,0
0.4739212201161027,0.716397111958099,0.2709426983163654,0.20225418052453492,0
0.057844449447160606,0.9577898009882039,0.9427243190941123,0.7851895431484084,0
0.40240625929931173,0.8845868882296137,0.8955628481318387,0.9091752640535857,0
0.3602339188004279,0.27039328638452553,0.8427119021605549,0.31334791758514313,0
0.5098540095504577,0.5012756446257294,0.05024300982298213,0.03491155265622381,0
0.5924145688620425,0.046450412719997725,0.6075448519014384,0.17052412368729153,1
0.5525009674078891,0.5201698923107512,0.14287596133941172,0.7753461504031356,0
0.15167487973275118,0.31172206779554823,0.24848913981446574,0.743946292572677,0
0.27364041786077165,0.4878343185440125,0.08227232427706188,0.45958405721362305,0
0.7951861947687037,0.2708322512620742,0.4389714207056361,0.07845638134226596,1
0.7941973312770843,0.09299063982313216,0.5882022669483905,0.48097288988612374,1
0.5227328293819941,0.42754101835854963,0.02541912674409519,0.10789142699330445,0
0.3745401188473625,0.9507143064099162,0.7319939418114051,0.5986584841970366,0
0.16704190790094986,0.16761921628831766,0.03667142693354297,0.7364020150656405,0
0.7418963269587151,0.8484253790905247,0.4226291970136091,0.30293090564042924,1
0.8246809659251492,0.34780920790219305,0.6780161525590636,0.5657319639957911,1
0.16362382119166918,0.7948095487499294,0.6936822257814886,0.2207696127887604,0
0.27416066655980587,0.0794193689889866,0.08565824959643054,0.8941908746641183,0
0.18656702405130576,0.2850951686938471,0.17337359529475482,0.8967654246264252,0
0.4171934185645765,0.1602256009765063,0.1709364024208483,0.41814478816279965,0
0.9078385138835341,0.5070596467387183,0.18792038081532303,0.07697166938087407,1
0.7087656552291542,0.008363681876857099,0.21766739958053605,0.6616842883998565,1
0.1630191138148862,0.2338128330930641,0.02370775364451838,0.8349472056944037,0
0.5538022407123763,0.30552431065802355,0.3969815170742834,0.44720254050483565,0
0.03174376537298862,0.4233351441531975,0.08456537809723785,0.6068469555401391,0
0.7506147516408583,0.806834739267264,0.9905051420006733,0.4126176769114265,2
0.941725711618925,0.668572646722914,0.6786699566725648,0.36191999083786497,1
0.17530294235765964,0.6900048908206657,0.20093368865905648,0.5358276844730813,0
0.5771225860383208,0.3571211593005028,0.7875490858587793,0.25100138326230026,1
0.2131047040250833,0.03113408288451136,0.651666825375885,0.36852634372376114,0
0.8236236107489735,0.3846110759787682,0.4591240232866809,0.3032858908492829,1
0.6391199378155004,0.8679182945200221,0.4547398556338591,0.5155960285792502,1
0.7889324717760072,0.8918721448107347,0.43381741957652953,0.909943143854392,2
0.7582631959290226,0.02458691645880151,0.022123551528997254,0.32361021914954125,1
0.8324426408004217,0.21233911067827616,0.18182496720710062,0.18340450985343382,1
0.7617981913776972,0.3865405068230279,0.5112754622007512,0.4923254800011819,1
0.8275189221063031,0.7645277946547177,0.5735289514555733,0.9560471436119331,2
0.056375496650927115,0.8647223762550532,0.8129010091300776,0.9997176732861306,0
0.24660363497802462,0.4840770697102016,0.747444406596694,0.4738098283979466,0
0.9362806214689267,0.06400634660862092,0.8247432373470076,0.2923831104121931,1
0.0516817211686077,0.531354631568148,0.5406351216101065,0.6374299014982066,0
0.47157618855015837,0.41184091414726853,0.3488682665429953,0.9295291442478258,0
0.5931582190394682,0.053347996988897695,0.45476434255266107,0.6747863021674105,0
0.8809730056396574,0.8829148165187222,0.6590454101322324,0.211231831472931,2
0.6769407829968374,0.8379083748518036,0.8587642793494722,0.7483558536657398,1
0.5484191629935626,0.06646332577627212,0.7665150495325846,0.583713587731364,1
0.3419052781054903,0.527677466221695,0.2116358985698612,0.9956311094988834,0
0.7987141916545746,0.29282203670096474,0.9799703293588506,0.6018815896363221,1
0.1317287734545619,0.7259799099852955,0.8177853298569451,0.2135113663106719,0
0.9076110025565549,0.7140326444668564,0.6079052140907037,0.3093727178627821,2
0.11409578488793337,0.15124682873493456,0.2253169299512351,0.250966661340298,0
0.949799913291924,0.72571950838836,0.6134151959357899,0.4182430362906189,2
0.3843266471596817,0.6796472826930698,0.21825388786506417,0.9499611839502253,0
0.12063587110060081,0.46077876803272577,0.2063337184057925,0.36426986104807546,0
0.5322918759514544,0.10326500887504841,0.17252387694636206,0.5679742973160805,0
0.3373455467690927,0.019327630917601035,0.12436839900051022,0.41364267491863527,0
0.5325894325515859,0.05182353682242691,0.3366042781939206,0.13441467693897424,0
0.8190635138616561,0.5407937549855444,0.7102427986233115,0.3143501131837484,1
0.12809574636620003,0.3382675059944984,0.9280836403260497,0.22461561184385193,0
0.13427485090227553,0.9579341210567704,0.5296597239456199,0.24189329411288918,0
0.5936607912085384,0.010131184027743378,0.6360960464095422,0.9132869475762367,1
0.04389994264300512,0.16574977982015593,0.4455416387418909,0.20918546540792782,0
0.1198653673336828,0.33761517140362796,0.9429097039125192,0.32320293202075523,0
0.33156469906719377,0.8550302016199351,0.20707580921085522,0.07115828517343281,0
0.8861817721293451,0.9343041141674903,0.9164205445320662,0.6354143568619098,2
0.1682036557665182,0.879330215678474,0.5570405132750351,0.23138063637684803,0
0.521296047654139,0.9760138232792136,0.12555021476265338,0.016947664889580993,0
0.5150056597097231,0.5355538148796726,0.3568859751711102,0.353789158736436,0
0.6593539222057827,0.8951177407065364,0.6366696821672073,0.6139335847600618,1
0.3139667173773528,0.8884036723086812,0.6029428764794615,0.8267073597414875,0
0.34395768655768555,0.7330001072226232,0.658661354939767,0.931554914309481,0
0.48204105811208253,0.19609771273839294,0.6107800710757683,0.2806832155159743,0
0.36957419942677316,0.4642385197392249,0.7227377522388047,0.656729484721608,0
0.7509397983633183,0.10137289755315915,0.27785277608971226,0.2763191084658536,1
0.01240403627731479,0.46876796546450583,0.3012652607600004,0.5983574842977588,0
0.27576756825135695,0.8770905810181889,0.9440420938253978,0.14879596940511564,0
0.026511310541621813,0.5857755812734633,0.9402302414249576,0.575474177875879,0
0.3990353176424347,0.8398016066644267,0.18854060574925113,0.6724604980250288,0
0.7925951162883833,0.9078987937796194,0.9437015928202208,0.9601356044054472,2
0.20699257843842678,0.5165726284459791,0.005505799160420821,0.0076640326492253275,0
0.10534548448133318,0.22236130474817029,0.5192245707802051,0.6077526830956526,0
0.5831908042770976,0.5928401805081102,0.35492466087701,0.05198935197770749,0
0.8646589218581401,0.15492531114344266,0.0827368356181899,0.48453799508001083,1
0.24682386920190225,0.7409040561520714,0.3162701497293068,0.10189238806601353,0
0.22726962726315147,0.07319592376844364,0.6034485933813779,0.6682127985550163,0
0.6334782198261473,0.2578876854332023,0.13935607407282413,0.8349302367992991,1
0.05617607734743901,0.49109572938316515,0.9271106288584273,0.10539321810780522,0
0.9770069544389435,0.10189310087293679,0.008319942227192012,0.43358279263261434,1
0.8173053122132368,0.9303984201693255,0.09536092127300355,0.45005863942622526,2
0.6519612595026005,0.22426930946055978,0.7121792213475359,0.23724908749680007,1
0.33451128874193214,0.026196708532064794,0.024191763891355245,0.8316970436757735,0
0.7289810616558164,0.8616909037873453,0.274071589342191,0.807070903866703,1
0.06616518883444045,0.019155485551252904,0.8268585609727531,0.5247356376614322,0
0.07379656473539886,0.5538542844013208,0.969302535619099,0.5230978441701488,0
0.37625958553091576,0.08350071669866876,0.7771469159274368,0.558404249735805,0
0.7819599771579592,0.7517469923958404,0.8030020719578371,0.5180080664046248,2
0.7368737449441821,0.8627970775432285,0.21673980009077565,0.09571455552016173,1
0.7806317174255571,0.5837727805141116,0.9522217856975946,0.042422298206891695,1
0.388677289689482,0.2713490317738959,0.8287375091519293,0.3567533266935893,0
0.45832359458757543,0.3512193873487809,0.09377652625701649,0.4861304852149241,0
0.3986630277723131,0.1463739921622491,0.36753442229153144,0.06817230938549357,0
0.6773931298888728,0.5657815548409963,0.9291447172116873,0.38732251797531403,1
0.0902897700544083,0.835302495589238,0.32078006497173583,0.18651851039985423,0
0.09667644964671962,0.45037093625818514,0.7561633288952461,0.3475715242389821,0
0.5640740288335178,0.35857846152487316,0.6566310737078761,0.2403989128935069,1
0.14002409755331768,0.2768143077913058,0.9715326909010507,0.33134700710305076,0
0.32819275360931155,0.43401936617387527,0.08860042967961723,0.22061195271121126,0
0.9949078226464353,0.1738952492194873,0.39624201890265875,0.7582384757040913,1
0.20905937370684602,0.08468834187530683,0.4666931208844084,0.4821320989198419,0
0.6974714616692836,0.6801407717603004,0.6186113782151843,0.7527166395576412,1
0.6666004790466192,0.1626997438085659,0.5650853124527563,0.7716269109786077,1
0.6775422674589532,0.3118638579168832,0.7739913781527625,0.7729214818761151,1
0.18452101935637732,0.2093493233367103,0.370472102791382,0.4845229851910213,0
0.2688535143821935,0.3684489199165789,0.8953460891531693,0.6664630475268357,0
0.7163233880626823,0.07208433599867337,0.0712567277652586,0.01210847523488745,1
0.7891712386073383,0.4984421989290573,0.08692028808742369,0.5371065418185478,1
0.9028949951919872,0.8522638743911815,0.6678046832264065,0.5932215701073843,2
0.6284264566145871,0.6886316293078756,0.2532723835227151,0.009978776658449373,1
0.25990497924283285,0.3451922084942105,0.9174858431319902,0.2905045056714204,0
0.18188008439914483,0.3456672833238632,0.8967884099060118,0.47396164026287235,0
0.8644332468683641,0.5869365065589071,0.5809503798881793,0.9906791570657658,1
0.9508635622504104,0.15105789178090023,0.4323348010426019,0.9436159201675989,1
0.2043163833989703,0.5078050639587791,0.419271661166022,0.018124041045729733,0
0.04315991195057611,0.8911431136980711,0.5277011090862999,0.9929647961193003,0
0.19954245092914513,0.6802282424312913,0.07219840897917584,0.030652502205806065,0
0.39931591580930814,0.15241601333041743,0.9924835021583752,0.9270009679242953,0
0.20788625514602732,0.026532203873819715,0.18143543508979731,0.5830415609696922,0
0.6423255259052274,0.06485359448296835,0.5799837874281313,0.5614845879595237,1
